participant_id,guid
A2CPS1011,3d20e08f-7af3-426e-b739-0fc08d98d81c
A2CPS1024,ff90e55d-dab4-44f3-8892-9703cccbe112
A2CPS1030,672f7167-cf20-4a4d-a479-c02c401de6b6
A2CPS1048,4e286301-0857-48b3-ba67-a5bb075916d3
A2CPS1053,e50b5721-2620-4302-98a7-5d6ddc800c6a
A2CPS1069,98aeaeb7-813e-414f-b3e2-b2897ca264ab
A2CPS1076,6552bf43-bc2b-489a-81b5-c29ce78d253d
A2CPS1082,6de54649-5e72-49e8-b5a9-d7d749b106cc
A2CPS1095,4dfd5df9-9788-4bff-9d25-6b426f3b00c0
A2CPS1105,991373d6-523f-4eba-b9f9-b1ebdb50ec5d
A2CPS1114,76219521-e1ab-40c8-966a-68ed1a0ca522
A2CPS1122,6d336cc3-f645-4843-8e75-165e815b7b84
A2CPS1133,b1ad5b7f-9fd0-434f-b749-b52a3378cff3
A2CPS1146,c33921d7-6675-4498-8378-99af532a325c
A2CPS1151,8c012717-6f23-4917-8c3f-7cc091ccc9cd
A2CPS1167,c52bbbc4-fc87-4240-97be-00ce2d0bf28a
A2CPS1179,0df999e3-61ed-4e33-802d-3cd0d9f7ddd7
A2CPS1180,f65ab487-6c2f-4bb4-8c56-ca3024f21dad
A2CPS1198,0ef6987d-2d26-4883-aede-dd31c00940eb
A2CPS1200,355c482e-9f15-41a2-9b6c-e52cfc003f39
A2CPS1216,53f91cb2-c95f-4beb-8c82-8af1d10889ab
A2CPS1228,3948ab19-08bb-40d1-bbf5-0f57449d32cc
A2CPS1237,efa84740-5a78-4d68-a056-68d3a4331d8e
A2CPS1244,59db45b2-60c4-4db8-81f1-95227992e4e5
A2CPS1259,9636e603-f5c8-42b9-9541-2d3ecd27a563
A2CPS1263,c9ec863a-c66e-4da1-ab51-eafe172a6dfe
A2CPS1271,fb394524-06f2-498f-b56c-b066a6ec023c
A2CPS1285,ddf4cfe1-56ff-498a-b66d-80bf5a39f75f
A2CPS1292,82409a01-e613-41d6-bd82-cb8078895b79
A2CPS1302,0baa14d2-72c7-4ad4-8e4e-846341c3fc6e
A2CPS1318,7b480141-1a6b-4344-89da-e7f5703cff7f
A2CPS1325,a9c4f433-a582-4827-99de-6919b0206e59
A2CPS1339,4d8727da-e399-40f0-8ef5-51240b74b644
A2CPS1341,0e0a5daa-7fb2-462e-9120-d86c29457be8
A2CPS1356,26c0e12c-e837-45da-bb04-731c0b84cba3
A2CPS1360,29928b43-1b40-454a-97d2-5fd6c111affd
A2CPS1373,322fb11d-9434-464d-a144-e1ba18e85964
A2CPS1387,67e0baf8-7c54-4dad-b30a-0b2352080128
A2CPS1394,227c608b-0cee-4efa-b4af-920db7ac7361
A2CPS1409,8fe6141e-da99-4f78-aa9a-0030b143a458
A2CPS1413,be70eb78-7e2f-4461-8397-7613446c022d
A2CPS1421,2943696d-27b2-4878-b093-0c2e4e6a1d8c
A2CPS1432,6221276b-c195-4bf7-90ac-532162bb9a51
A2CPS1445,0c48e3ff-27cb-4d64-bb52-7776421ac538
A2CPS1450,a22347ac-1497-4693-a412-8c0f11595477
A2CPS1466,d5117cfb-f779-48ef-b1d2-20a57ad0e66c
A2CPS1478,5ad2545a-95b5-4a6b-bfd3-f1e96c7d8e90
A2CPS1484,235f31f9-7af8-46cd-9ccc-af0ff5d1b4b0
A2CPS1497,4333ab5c-f312-453f-86ac-3c492177b7d9
A2CPS1506,106b6336-85f6-460c-a57b-2f1421e0b017
A2CPS1510,3ae2e867-9d5a-49ab-9081-379009028a56
A2CPS1523,cb32bba3-b241-4d1f-a995-e709ba0aeff6
A2CPS1534,cef57ae5-bbcb-4eaf-98a6-a26dccd557ff
A2CPS1547,bcb8b3c6-2207-4590-b1bd-1b17845593c5
A2CPS1552,d8367909-9a33-40d7-bae3-bc1d6835fc65
A2CPS1568,e89578af-f8ad-4d7e-b8da-98c7a23de215
A2CPS1575,6d858b31-b58d-48d7-b784-4ef89251d21e
A2CPS1581,7b99b052-2aad-4eec-853e-1708773eab59
A2CPS1599,29a55c2a-5cb3-4199-b683-b7da1d54597f
A2CPS1608,6a3e6f6d-561a-439c-8c77-9911a7be4386
A2CPS1612,17943985-1595-43d8-9f90-e8df18a04dfb
A2CPS1620,53d54fc5-c11b-40fb-8699-4090301cab24
A2CPS1631,adb225fe-8a73-4fab-b789-e17f9e2982de
A2CPS1649,f8e8676a-f41f-40e4-b7ce-1214f99f895b
A2CPS1654,8bf2563b-351d-4d77-a528-96a4b5cbc26d
A2CPS1665,0ca4d0d6-6b51-4f00-91f6-3866e84015ca
A2CPS1677,f4b675fd-c7f7-440e-8151-0d40519da519
A2CPS1683,a472bf95-9eca-4fae-8fb0-497718153772
A2CPS1696,1bf214ee-d623-4c60-8469-3a5bd13c857b
A2CPS1704,281e5dce-1b01-4d09-9519-3939e7167d0e
A2CPS1715,39bf15e1-2c63-4f14-92eb-8ba3c8284120
A2CPS1727,e8d81581-be4a-4be6-98e0-9ad1173ddb77
A2CPS1736,ca904654-d23d-4404-a6a0-c4a578ebbc6e
A2CPS1743,d47854df-2f79-4ce6-82e6-6261fe0dc7e3
A2CPS1758,5b5e27cb-6c19-43c7-8815-de163806a393
A2CPS1762,1e23c24a-0779-44b8-913b-a697a3aeecfd
A2CPS1770,dc2f9261-71d5-4653-a20a-172542401521
A2CPS1789,e6ff98e1-0db1-4a1a-9552-7ec725c88720
A2CPS1791,db95ec9d-82b1-4eec-b7ac-2e32cea822d9
A2CPS1801,5075e287-c551-41b0-94ef-4d2d6d75d079
A2CPS1817,1bfdd8df-3498-41a4-9dba-f47f373fa10a
A2CPS1829,381b3e1f-3939-4903-b230-7aceb82a6d15
A2CPS1838,7d1c5132-fece-41f2-99ee-e015e26248dc
A2CPS1840,aa9be113-5999-4020-a6d4-f2a77d137e40
A2CPS1855,c6126532-3acd-4799-8b10-c4f33c70d0b0
A2CPS1864,014120a8-33c1-4829-8385-f855826abe84
A2CPS1872,3ded4b8f-a38d-4acc-a5f4-7d53e96acde6
A2CPS1886,f8078349-9665-4838-a7cb-4da31c50e8de
A2CPS1893,564b452f-42ce-40d1-8442-6a62611213d3
A2CPS1903,5e313b4c-3a31-47ca-9cd6-05aedc61c882
A2CPS1919,1e915f80-555f-41b3-96b3-fff34a108046
A2CPS1926,25bd81a6-5b65-4746-a58b-d5c819ca589e
A2CPS1935,065bb41d-2537-4b5e-92b5-0e8b9bf1fd1a
A2CPS1942,6236afed-eab9-47e9-a6ea-229e473ba1be
A2CPS1957,f304c061-38d5-49ee-ba44-4bbcfa076356
A2CPS1961,cbcc16cf-7bec-428e-8edf-a8a58b07ca2a
A2CPS1974,30e5f263-2c83-4a63-9432-172676158576
A2CPS1988,92168bad-4769-446b-8829-f582db1693b3
A2CPS1990,e749f194-e6e7-4e49-8e84-3f007d465323
A2CPS2000,83ce6376-52f3-4978-a287-8a544e4a53c0
A2CPS2016,12f2f3f9-f325-4318-a101-580955debe25
A2CPS2028,9343627e-488c-4cc3-a9e1-239b8a8dbec2
A2CPS2037,e8d0a08c-6c8f-4a8b-8649-bc106e947064
A2CPS2044,c1ae566a-fa8e-48ab-b20f-f89be1dd9274
A2CPS2059,1ea0ddfe-a7ab-417f-84c2-e352e85be1b9
A2CPS2063,ffdc5f6e-f76f-4825-903b-8c1706750e9c
A2CPS2071,9593129e-5b1b-4a93-a352-7b45a4bce24d
A2CPS2085,0c58a7a3-bd36-4eb3-978e-8ab92d846e25
A2CPS2092,cb7e5046-7abb-462d-8eb8-66a6c8be35de
A2CPS2102,60538b74-c070-4fff-8c68-ce7359dc0963
A2CPS2118,9448b282-7908-40e6-aa55-daae1688d7e8
A2CPS2125,5f0fd8e1-e48e-4c17-8301-fee245ba2f68
A2CPS2139,ff97ae1f-7b56-4bb0-9051-251e74e7dd4c
A2CPS2141,d0f5f30e-b643-4a83-9326-f72053aadc76
A2CPS2156,e5981fae-ed4d-457f-b832-2c30034c36a6
A2CPS2160,c015fb21-b0ca-4a7d-94c2-5a8676b8533e
A2CPS2173,e4c840f5-3a7f-41c0-8395-d211f1a8c611
A2CPS2187,89090a68-0a3b-47c3-884d-2205bc682ba0
A2CPS2194,49ad8420-9162-4514-a1dd-2a49e8bd33af
A2CPS2207,db2346be-3be6-4523-aa83-877c67bdc28a
A2CPS2211,ca155791-c386-4b22-99c7-021e6d650610
A2CPS2224,d6b9769f-78f8-4c3e-aacc-09c986b8ab61
A2CPS2230,ef84bcd0-cd45-4dd3-874f-62a4a48c892c
A2CPS2248,bd6544f5-432b-4329-ae53-16f918226deb
A2CPS2253,0e570fb0-af14-4cac-a68a-fc0e0515bb81
A2CPS2269,aea0ba5c-8057-40b2-9e2f-63cc099ddd6a
A2CPS2276,621a494f-e7d6-4ea8-a15e-5898738a7c14
A2CPS2282,6d0d516c-9d5f-4583-8013-9e0a14c4f950
A2CPS2295,f5f25885-9f53-43f3-8479-443c3d546e06
A2CPS2305,b0d05856-e563-49d7-a863-cadc4927e051
A2CPS2314,2f10169f-f94a-4747-b43f-61d7b20240ca
A2CPS2322,38be3f01-d99a-4758-b646-6ab26a16ddc0
A2CPS2333,58496f16-39c8-4ba7-8b56-35cf78cf9b5a
A2CPS2346,b9a51c39-dde8-44b2-8292-c31e7b37f1b7
A2CPS2351,67ed9ded-8f2c-4fb8-be88-70e8e8d64ad5
A2CPS2367,74a5793e-5632-4256-aec9-7e8ab226e1be
A2CPS2379,0c66527b-deb8-430f-af8b-949b1f6bdd9b
A2CPS2380,849117b7-f10c-405c-b9ad-e4bdce4a2ed8
A2CPS2398,980545bd-a21a-4fda-8b54-125dbb22327e
A2CPS2403,28a6a1e6-2ee5-4757-96ae-826c3d214d0a
A2CPS2419,d6799459-b743-4b09-bfd3-8fd7b42eae80
A2CPS2426,93a97f06-1f03-43f2-afd5-0cce40ebf237
A2CPS2435,b6188adf-6f34-4e9c-9dc4-45b2fc452db4
A2CPS2442,1476c1e9-f545-4208-80bb-acdd61d5ace1
A2CPS2457,402a36fe-5525-461b-9540-16bc262832f7
A2CPS2461,baf6f3dc-0879-4bb7-86ed-1a21c5d05950
A2CPS2474,744eb40b-dfc2-439b-9e08-77eff44ffbd7
A2CPS2488,32441580-b7c8-4fc2-834c-62bbaa0435ce
A2CPS2490,24680f12-df00-4b93-8c7b-262123f04134
A2CPS2501,bba42b32-279a-4815-9919-52787d240f64
A2CPS2517,19c2b2d5-0cda-41d5-950f-a00da3ad711c
A2CPS2529,795da6a1-76f2-4ce0-9d70-eff56e6c2863
A2CPS2538,e2c64519-7cfc-4280-87f8-3e8f3b411435
A2CPS2540,01b8e0cd-cdcc-4ef4-8f2b-992f1fc5de82
A2CPS2555,695a3ea7-12a5-4637-b954-51004a8aa5ac
A2CPS2564,0b3a98ad-81ee-4b18-9d04-e8df26e16e36
A2CPS2572,f5f569b6-3791-454b-acf4-9890791dc27e
A2CPS2586,56b4d161-abbc-433c-816a-bfa1f137f49b
A2CPS2593,6936109a-c0e4-4023-b5fb-37ee6f75b18e
A2CPS2604,6c103db7-ac97-417c-90dd-705acc0cdd30
A2CPS2615,3e15f691-26f2-4363-b073-c2f32c46b7a3
A2CPS2627,eed91e88-d19e-470c-8354-94cbf4384ee0
A2CPS2636,f2e292a1-fd11-4543-953b-d2726dd69c9a
A2CPS2643,71ba5635-29a3-4d17-8a66-202c0e015eeb
A2CPS2658,611e4615-daa0-4c28-afa1-b9b4927d0880
A2CPS2662,5fd0ca07-f6fa-4020-986b-584feb49c7dc
A2CPS2670,02b03071-4725-4de6-b5cb-4ad88b467130
A2CPS2689,c70eaa3b-d968-4d29-bebe-59f3207df977
A2CPS2691,e470653f-71a1-47a8-8ada-d9a1d3365a36
A2CPS2708,7cb5cd1d-99ea-44e7-8a1c-4fffb171046c
A2CPS2712,2758fd14-f64e-49a4-ac4e-4e668c88583b
A2CPS2720,a21a6b7b-1256-4796-9c5c-de5203fea93a
A2CPS2731,6d2b8549-a6d4-45dd-b174-79c720499fb9
A2CPS2749,812f0e44-3fd2-48a9-ba6b-0f8dc58a9cd5
A2CPS2754,e6a87523-208f-45a6-b540-67fb00253348
A2CPS2765,39bc4fb3-b1f0-40b9-ad00-5eec78ec2d7a
A2CPS2777,dd317e6f-3095-4717-a3aa-c79683c082bc
A2CPS2783,066aa278-d3a4-4ee6-a4a0-90fa8cd8a22f
A2CPS2796,775b71ac-fe52-44c1-b84a-bf165c26da82
A2CPS2806,6efde711-e30b-4b1f-9dd9-dff3e263ed22
A2CPS2810,89383ab9-90a4-4b0c-87de-660ca5823033
A2CPS2823,6137323e-6b47-405b-a1bd-6eff8c66ad38
A2CPS2834,1e8e262e-aeab-4ad4-969d-d9723899e25e
A2CPS2847,ee133d1a-5c8a-4753-b296-b5bde530cb65
A2CPS2852,3b6da1ed-4dbb-4995-9f06-2b5eafaac919
A2CPS2868,ad32763e-43e3-443c-a3f1-19135d6f1293
A2CPS2875,2e379b99-b65b-4775-b617-c09f51f1995f
A2CPS2881,6a7e877e-9199-43c3-8cf1-736b9044b208
A2CPS2899,91a86895-fda0-421c-b098-9c8729ce3e5c
A2CPS2909,f454e413-b8b3-4609-9ef6-a774ad33f40a
A2CPS2913,9529d1ff-1762-4ee4-94af-f06327c9df46
A2CPS2921,fdbc835d-3e1d-43a3-b6fa-30c697597894
A2CPS2932,aaaa780b-efee-4532-b88d-b51e56e55f2a
A2CPS2945,e376513e-a057-47a7-b160-becaeb94d499
A2CPS2950,c02b823a-766f-4208-95ff-a0eda3c32921
A2CPS2966,a22fd57b-e317-4c2f-92d2-3f58b53a77d1
A2CPS2978,5d8dc2e8-65c0-4df8-aa48-5992bc503721
A2CPS2984,91526f83-579c-4ba8-830c-a1ba501dc1e0
A2CPS2997,7d953a35-c59f-45d8-ba4d-fa7c1a4e89ed
A2CPS3005,2f1bc5c7-997e-432a-9150-1966017355dd
A2CPS3014,af950512-274e-4370-9883-bef4f149266b
A2CPS3022,a2a80d60-5ea6-4c9f-82bd-b7cf52e7e922
A2CPS3033,44cba2cc-963b-4724-9a02-100fd9c8bad6
A2CPS3046,0c7a36d7-968a-4a1d-99b3-bb106942248c
A2CPS3051,d5d86b5e-ccd5-4cbc-9256-7b21d1aa9f2e
A2CPS3067,eb5906f1-2e29-4aa2-af19-d7b873b2fa2b
A2CPS3079,8f8db0e0-7da3-44a6-ae1a-30912ae375ce
A2CPS3080,b0133c81-e948-4488-bbfb-5e3f7760179a
A2CPS3098,fe7eabcd-7eb4-457e-8dba-d49034e2aa90
A2CPS3108,1288b3d8-e34d-43e5-a131-189293d4430d
A2CPS3112,0bc5f089-5ce0-4465-883f-432240d6f99a
A2CPS3120,63b617f3-03b3-4a78-bdf8-aaf53dad86cf
A2CPS3131,487a08d3-099a-41e8-8af1-ab52d24bd057
A2CPS3149,232dc532-cb80-436b-9a3e-c48187c91697
A2CPS3154,1d023186-4f98-4442-b720-67c93d4b7bff
A2CPS3165,7977b7af-9aa0-4d49-9494-399715602536
A2CPS3177,0bfdb4bc-54d2-4142-bb2c-ef79831f2375
A2CPS3183,fb85754c-da41-4c51-a7c0-8aa5cd3fec9d
A2CPS3196,befd99ed-784e-48d6-a328-d5244b8ac12a
A2CPS3203,ca94b661-c89f-4143-82ea-2dc49ffcbe7c
A2CPS3219,b425626a-439d-48a3-b7a2-0a8bc281faab
A2CPS3226,706c4dd4-d72d-435a-886a-4e38e4977ede
A2CPS3235,2936ae4d-e4e1-4174-9e72-a39fa8f8cb5f
A2CPS3242,0aa8b1b3-b090-402a-abfb-fb2383a03eab
A2CPS3257,e8418bba-2fe5-4b89-916f-6b959d97bc43
A2CPS3261,d9dcca1b-d27a-4af2-b42c-bcf044efee61
A2CPS3274,b5b0e9b4-7053-49a8-8c3f-259dbe2b649d
A2CPS3288,d45c256d-5c51-4544-8f00-1da8cba5a9a1
A2CPS3290,19f7cf14-a485-41ac-9e0f-41fff16af5f8
A2CPS3300,43dff405-c6cc-4558-a593-b08f7c9a163d
A2CPS3316,6ee218de-19fb-4363-840b-29dead5e270d
A2CPS3328,1c733b45-5101-4c67-97d6-2fae7f7b905c
A2CPS3337,3e1bf40f-0cc4-4b7d-8a14-b38680fc402e
A2CPS3344,9b05bde6-1e96-48ab-8adc-d547659641eb
A2CPS3359,a837f9b0-2fef-420e-9e66-9c49db7de05c
A2CPS3363,55d57960-dda2-4ade-8b88-84497f8cd13a
A2CPS3371,a313335b-02f6-4fcd-b8b1-d6213ad34ab7
A2CPS3385,748b7326-cfa7-433e-ba30-80e6a1da4878
A2CPS3392,29af6f6c-0396-4d03-8e38-d0856961f714
A2CPS3407,fb07f9b7-0820-4a69-8082-c81dbd963d2d
A2CPS3411,9f91032f-cc8a-43a1-8707-4fe09224deff
A2CPS3424,ad22875f-156b-4233-82cd-2c4d8cc1e0bc
A2CPS3430,c5b3d1e1-8c7c-49f9-816a-a0e72df3ece7
A2CPS3448,ed6798a2-061f-4c8d-8930-55823a4e9646
A2CPS3453,8eb5982e-b13c-4299-ac96-3a945a34345e
A2CPS3469,443b4241-3197-4dc7-9c37-b86d30d6e0f4
A2CPS3476,f38bfa35-f4de-4366-9d8f-6f04a2fc2794
A2CPS3482,4c592a34-6d8e-4bd7-9cb8-51cdc3e543f9
A2CPS3495,e26fd460-7090-45b0-893c-291336d3abf6
A2CPS3509,8d568d9f-0c3d-47f5-87f3-9d30949bcf1e